<?xml version="1.0" encoding="utf-8"?>
<contact uuid="97f43aa8-5482-46cb-80d7-3afba78383f3" mica_origin_url="http://dev-phqe.local"><name><title>Dr.</title><given>David W </given><family>Hoskin </family></name><data-access-committee-member></data-access-committee-member><title>Dr. David W Hoskin (Dalhousie University)</title><email></email><phone></phone><institution><name>Dalhousie University</name><department-unit></department-unit><address></address><city>Halifax</city><state-province></state-province><postal-code>Nova Scotia</postal-code><country code="CA">Canada</country></institution><time-stamp><date-created>1385131767</date-created><date-changed>1385131767</date-changed></time-stamp></contact>
