<?xml version="1.0" encoding="utf-8"?>
<study uuid="8d10f75b-75ca-4b72-b20c-d3a06dd2b91f" mica_origin_url="http://dev-phqe.local"><title>Atlantic Partnership for Tomorrow's Health (The)</title><acronym>Atlantic PATH (The)</acronym><investigators><investigator ref-uuid="97f43aa8-5482-46cb-80d7-3afba78383f3"/><investigator ref-uuid="36d60cd0-d903-4c46-87d6-69da902c07a3"/></investigators><contacts><contact ref-uuid="36d60cd0-d903-4c46-87d6-69da902c07a3"/></contacts><objectives><body>&lt;p&gt; &lt;/p&gt;
&lt;p&gt;The Atlantic PATH is a long-term research project investigating environmental, lifestyle and genetic factors related to the development of cancer in Atlantic Canada.&lt;/p&gt;
&lt;p&gt; &lt;/p&gt;
</body><summary></summary><format>filtered_html</format></objectives><web-site>http://atlanticpath.ca/</web-site><study-designs><designs><design code="cohort_study">Cohort study</design><other_design format="filtered_html"></other_design></designs><general-information-follow-up format="filtered_html"></general-information-follow-up><recruitment-target><target code="individuals">Individuals</target><other_target></other_target></recruitment-target><supplementary-information format="filtered_html"></supplementary-information><number-participant><target-number-of-participants><number>30000</number><no-limits>false</no-limits></target-number-of-participants><target-number-of-participants-with-biosamples><number>22500</number><no-limits>false</no-limits></target-number-of-participants-with-biosamples><supplementary-information format="filtered_html">&lt;p&gt;29 957 participants recruited and 12 132 participants with biosamples (On December, 2012).&lt;/p&gt;
</supplementary-information></number-participant><timeline><start-year>2009</start-year><end-year></end-year></timeline></study-designs><access><data>false</data><biosamples>false</biosamples><other_access>false</other_access><other-info format="filtered_html"></other-info></access><maker-paper></maker-paper><pubmed-id></pubmed-id><supplementary-information format="filtered_html"></supplementary-information><populations><population ref-uuid="3c16ebe5-6bf0-49cd-abd2-5c34e841bbd1"/></populations><files><documents/><logo ref-uuid="a3a3618d-ffc9-41f7-8893-c08ea58c5d41"><filename>timthumb.jpg</filename><description></description><filemime>image/jpeg</filemime><filesize>10600</filesize></logo></files></study>
