<?xml version="1.0" encoding="utf-8"?>
<data-collection-event uuid="d5b86568-2d0c-4336-b9b6-767b0dc9e173" mica_origin_url="http://dev.maelstrom-research.org"><title>Pilot</title><start-year>2009</start-year><start-month>1</start-month><end-year>2009</end-year><end-month>12</end-month><description><body></body><summary></summary><format></format></description><populations><population ref-uuid="3c16ebe5-6bf0-49cd-abd2-5c34e841bbd1"/></populations><sources-of-data><source code="questionnaires">Questionnaires</source><source code="physical_measures">Physical measures</source><source code="biological_samples">Biological samples</source><other-data-source></other-data-source></sources-of-data><administrative-database/><biological-samples><sample code="blood">Blood</sample><sample code="saliva">Saliva</sample><sample code="urine">Urine</sample><sample code="others">Others</sample><other-biological-samples format="filtered_html">&lt;p&gt;Toenail clippings&lt;/p&gt;
</other-biological-samples><tissues-type></tissues-type></biological-samples><files><documents/><standard-operating-procedures/><data-dictionaries/><other_docs/></files></data-collection-event>
