<?xml version="1.0" encoding="utf-8"?>
<contact uuid="36d60cd0-d903-4c46-87d6-69da902c07a3" mica_origin_url="http://dev-phqe.local"><name><title>Dr.</title><given>Louise </given><family>Parker</family></name><data-access-committee-member></data-access-committee-member><title>Dr. Louise Parker (Dalhousie University)</title><email>louise.parker@iwk.nshealth.ca</email><phone>902-494-3566</phone><institution><name>Dalhousie University</name><department-unit></department-unit><address></address><city>Halifax</city><state-province></state-province><postal-code>Nova Scotia</postal-code><country code="CA">Canada</country></institution><time-stamp><date-created>1385131767</date-created><date-changed>1385131767</date-changed></time-stamp></contact>
