<?xml version="1.0" encoding="utf-8"?>
<contact uuid="a7f0dca1-c432-44ff-9b3e-c7032ec9e1b2" mica_origin_url=""><name/><data-access-committee-member></data-access-committee-member><title>Dr. Pierrette Gaudreau (Centre de Recherche du Centre hospitalier de l'Université de Montréal)</title><email></email><phone>1-514-890-8000 ext. 23613</phone><institution><name>Centre de Recherche du Centre hospitalier de l'Université de Montréal</name><department-unit></department-unit><address></address><city>Montréal</city><state-province></state-province><postal-code>H1W 4A4</postal-code><country code=""></country></institution><time-stamp><date-created>1343160771</date-created><date-changed>1345743543</date-changed></time-stamp></contact>
