<?xml version="1.0" encoding="utf-8"?>
<contact uuid="c99a69f5-31bb-43ea-830d-6893ecbd1ac7" mica_origin_url=""><name/><data-access-committee-member></data-access-committee-member><title>Dr. Louise Demers (Institut universitaire de gériatrie de Montréal)</title><email></email><phone></phone><institution><name>Institut universitaire de gériatrie de Montréal</name><department-unit></department-unit><address></address><city></city><state-province></state-province><postal-code></postal-code><country code=""></country></institution><time-stamp><date-created>1346960558</date-created><date-changed>1346960558</date-changed></time-stamp></contact>
