<?xml version="1.0" encoding="utf-8"?>
<contact uuid="197fc5fb-9c64-47d7-b727-2345cad9f2e3" mica_origin_url=""><name/><data-access-committee-member></data-access-committee-member><title>Dr. Christina Wolfson (McGill University Health Centre)</title><email></email><phone></phone><institution><name>McGill University Health Centre</name><department-unit></department-unit><address></address><city>Montreal</city><state-province></state-province><postal-code></postal-code><country code=""></country></institution><time-stamp><date-created>1342542209</date-created><date-changed>1354803310</date-changed></time-stamp></contact>
