<?xml version="1.0" encoding="utf-8"?>
<contact uuid="e3bf64b7-0c90-4638-9e06-5696c9317029" mica_origin_url=""><name/><data-access-committee-member></data-access-committee-member><title>Dr. Johanne Desrosiers (Université de Sherbrooke)</title><email></email><phone></phone><institution><name>Université de Sherbrooke</name><department-unit></department-unit><address></address><city></city><state-province></state-province><postal-code></postal-code><country code=""></country></institution><time-stamp><date-created>1346960449</date-created><date-changed>1346962085</date-changed></time-stamp></contact>
