<?xml version="1.0" encoding="utf-8"?>
<contact uuid="a7533591-c2c8-4bce-bf1e-99405ef81edf" mica_origin_url=""><name/><data-access-committee-member></data-access-committee-member><title>Claude Galand (Hôpital général juif)</title><email></email><phone>514-340-8222 poste 2181</phone><institution><name>Hôpital général juif</name><department-unit></department-unit><address></address><city>Montréal</city><state-province></state-province><postal-code>H3T 1E2</postal-code><country code=""></country></institution><time-stamp><date-created>1346946208</date-created><date-changed>1346962261</date-changed></time-stamp></contact>
