<?xml version="1.0" encoding="utf-8"?>
<contact uuid="f90b75f0-7ed2-4e52-810d-4690f8457fe4" mica_origin_url=""><name/><data-access-committee-member></data-access-committee-member><title>Dr. Maria-Victoria Zunzunegui (Institut de recherche en santé publique de l'Université de Montréal)</title><email></email><phone>(514) 343-6086</phone><institution><name>Institut de recherche en santé publique de l'Université de Montréal</name><department-unit></department-unit><address></address><city>Montréal</city><state-province></state-province><postal-code>H3N 1X7</postal-code><country code=""></country></institution><time-stamp><date-created>1346960724</date-created><date-changed>1354800404</date-changed></time-stamp></contact>
