<?xml version="1.0" encoding="utf-8"?>
<contact uuid="e0382293-db7d-4545-8c31-c693d7498dbd" mica_origin_url=""><name/><data-access-committee-member></data-access-committee-member><title>Dr. Tamàs Fülöp (Université de Sherbrooke)</title><email></email><phone></phone><institution><name>Université de Sherbrooke</name><department-unit></department-unit><address></address><city></city><state-province></state-province><postal-code></postal-code><country code=""></country></institution><time-stamp><date-created>1346960178</date-created><date-changed>1346962085</date-changed></time-stamp></contact>
