<?xml version="1.0" encoding="utf-8"?>
<contact uuid="8da319fd-0f32-466f-bb9e-351e72f1264b" mica_origin_url=""><name/><data-access-committee-member></data-access-committee-member><title>Dr. Marie-Jeanne Kergoat (Institut universitaire de gériatrie de Montréal)</title><email></email><phone></phone><institution><name>Institut universitaire de gériatrie de Montréal</name><department-unit></department-unit><address></address><city></city><state-province></state-province><postal-code></postal-code><country code=""></country></institution><time-stamp><date-created>1346960653</date-created><date-changed>1346962085</date-changed></time-stamp></contact>
