<?xml version="1.0" encoding="utf-8"?>
<contact uuid="44824e36-6a50-4170-80c8-8c0bbd565ebb" mica_origin_url=""><name/><data-access-committee-member></data-access-committee-member><title>Dr. José A. Morais (McGill University Health Centre)</title><email></email><phone></phone><institution><name>McGill University Health Centre</name><department-unit></department-unit><address></address><city></city><state-province></state-province><postal-code></postal-code><country code=""></country></institution><time-stamp><date-created>1343160998</date-created><date-changed>1345743548</date-changed></time-stamp></contact>
