<?xml version="1.0" encoding="utf-8"?>
<contact uuid="cb2a7ce7-84bf-4907-8f68-bf2f0a83fbac" mica_origin_url=""><name/><data-access-committee-member></data-access-committee-member><title>Dr. Bryna Shatenstein (Centre de Recherche de l'Institut Universitaire de Gériatrie de Montréal)</title><email></email><phone></phone><institution><name>Centre de Recherche de l'Institut Universitaire de Gériatrie de Montréal</name><department-unit></department-unit><address></address><city></city><state-province></state-province><postal-code></postal-code><country code=""></country></institution><time-stamp><date-created>1343161096</date-created><date-changed>1345743550</date-changed></time-stamp></contact>
