<?xml version="1.0" encoding="utf-8"?>
<contact uuid="174dc9dc-7e03-406f-8e03-5ab7d6011ecb" mica_origin_url=""><name/><data-access-committee-member></data-access-committee-member><title>Dr. Howard Bergman (Hôpital général juif)</title><email></email><phone></phone><institution><name>Hôpital général juif</name><department-unit></department-unit><address></address><city></city><state-province></state-province><postal-code></postal-code><country code=""></country></institution><time-stamp><date-created>1346959861</date-created><date-changed>1346962085</date-changed></time-stamp></contact>
