<?xml version="1.0" encoding="utf-8"?>
<contact uuid="b064524c-c7dc-4c66-a0a0-f7403277dba9" mica_origin_url=""><name/><data-access-committee-member></data-access-committee-member><title>Dr. René Verreault (Hôpital du Saint-Sacrement)</title><email></email><phone></phone><institution><name>Hôpital du Saint-Sacrement</name><department-unit></department-unit><address></address><city></city><state-province></state-province><postal-code></postal-code><country code=""></country></institution><time-stamp><date-created>1346960323</date-created><date-changed>1346962085</date-changed></time-stamp></contact>
