<?xml version="1.0" encoding="utf-8"?>
<contact uuid="179edf52-c9bd-49aa-923b-2a6aefa70f9d" mica_origin_url=""><name/><data-access-committee-member></data-access-committee-member><title>Dr. Réjean Hébert (Institut universitaire de gériatrie de Sherbrooke)</title><email></email><phone></phone><institution><name>Institut universitaire de gériatrie de Sherbrooke</name><department-unit></department-unit><address></address><city></city><state-province></state-province><postal-code></postal-code><country code=""></country></institution><time-stamp><date-created>1346960253</date-created><date-changed>1346962085</date-changed></time-stamp></contact>
