<?xml version="1.0" encoding="utf-8"?>
<contact uuid="007d0a8d-b820-4ba5-9bc0-a223b9cb12c7" mica_origin_url=""><name/><data-access-committee-member></data-access-committee-member><title>Dr. François Béland (Université de Montréal)</title><email></email><phone></phone><institution><name>Université de Montréal</name><department-unit></department-unit><address></address><city>Montréal</city><state-province></state-province><postal-code>H3C 3J7</postal-code><country code=""></country></institution><time-stamp><date-created>1346946024</date-created><date-changed>1346962085</date-changed></time-stamp></contact>
