<?xml version="1.0" encoding="utf-8"?>
<contact uuid="c8e2a704-f65d-4f2a-988f-5732756e4888" mica_origin_url=""><name/><data-access-committee-member></data-access-committee-member><title>Dr. Hélène Payette (University Institute of Geriatrics of Sherbrooke)</title><email></email><phone>1-819-780-2220 ext.45636</phone><institution><name>University Institute of Geriatrics of Sherbrooke</name><department-unit></department-unit><address></address><city>Sherbrooke</city><state-province></state-province><postal-code>J1H 4C4</postal-code><country code=""></country></institution><time-stamp><date-created>1343160553</date-created><date-changed>1345743538</date-changed></time-stamp></contact>
