<?xml version="1.0" encoding="utf-8"?>
<data-collection-event uuid="59145209-931c-459f-84e4-551a21c3a4ce" mica_origin_url="http://dev-phqe.local"><title>Fragilité, une étude longitudinale de ses expressions -- Data Collection Event Preparation</title><start-year>2009</start-year><start-month>1</start-month><end-year>2009</end-year><end-month>12</end-month><description><body></body><summary></summary><format></format></description><populations><population ref-uuid="a85754fe-bfb4-4a97-8e67-945330e2dfe2"/></populations><sources-of-data><source code="questionnaires">Questionnaires</source><source code="physical_measures">Physical measures</source><source code="medical_paper"></source><source code="health_databases"></source><other-data-source></other-data-source></sources-of-data><administrative-database/><biological-samples><other-biological-samples format=""></other-biological-samples><tissues-type></tissues-type></biological-samples><files><documents/><standard-operating-procedures/><data-dictionaries/><other_docs/></files></data-collection-event>
