<?xml version="1.0" encoding="utf-8"?>
<population uuid="a85754fe-bfb4-4a97-8e67-945330e2dfe2" mica_origin_url="http://dev-phqe.local"><title>Fragilité, une étude longitudinale de ses expressions -- population</title><study ref-uuid="445850fc-da4c-4454-9133-9833ca342790"/><general-information><body></body><summary></summary><format></format></general-information><data-collection-events><data-collection-event ref-uuid="59145209-931c-459f-84e4-551a21c3a4ce"/><data-collection-event ref-uuid="7b337aa6-8f93-4f62-817f-c6edb5bec7ad"/><data-collection-event ref-uuid="6fe8befc-54a8-4ad1-928f-3537b65f3607"/></data-collection-events><recruitment-procedure><sources-of-recruit><source code="general">General population</source></sources-of-recruit><general-populations/><participants-from-existing-studies/><specific-populations><other format=""></other></specific-populations><other-recruitment-source format=""></other-recruitment-source><supplementary-information format=""></supplementary-information></recruitment-procedure><characteristics-of-the-population><gender></gender><age><max-age></max-age><min-age>65</min-age></age><countries-of-residence><country code="CA">Canada</country></countries-of-residence><territory-city-of-residence format=""></territory-city-of-residence><selections-criteria/><ethnic-origins/><healths-status/><other-selection-criteria format=""></other-selection-criteria><supplementary-information format=""></supplementary-information></characteristics-of-the-population><number-participant><target-number-of-participants><number>1643</number><no-limit>false</no-limit></target-number-of-participants><target-number-of-participants-with-biosamples><number></number><no-limit>false</no-limit></target-number-of-participants-with-biosamples><supplementary-information format=""></supplementary-information></number-participant><supplementary-information format=""></supplementary-information></population>
