<?xml version="1.0" encoding="utf-8"?>
<study uuid="445850fc-da4c-4454-9133-9833ca342790" mica_origin_url="http://dev-phqe.local"><title>Fragilité, une étude longitudinale de ses expressions</title><acronym>FRÉLE</acronym><investigators><investigator ref-uuid="007d0a8d-b820-4ba5-9bc0-a223b9cb12c7"/><investigator ref-uuid="c8e2a704-f65d-4f2a-988f-5732756e4888"/><investigator ref-uuid="174dc9dc-7e03-406f-8e03-5ab7d6011ecb"/><investigator ref-uuid="197fc5fb-9c64-47d7-b727-2345cad9f2e3"/><investigator ref-uuid="44824e36-6a50-4170-80c8-8c0bbd565ebb"/><investigator ref-uuid="a7f0dca1-c432-44ff-9b3e-c7032ec9e1b2"/><investigator ref-uuid="e0382293-db7d-4545-8c31-c693d7498dbd"/><investigator ref-uuid="179edf52-c9bd-49aa-923b-2a6aefa70f9d"/><investigator ref-uuid="b064524c-c7dc-4c66-a0a0-f7403277dba9"/><investigator ref-uuid="e3bf64b7-0c90-4638-9e06-5696c9317029"/><investigator ref-uuid="c99a69f5-31bb-43ea-830d-6893ecbd1ac7"/><investigator ref-uuid="8da319fd-0f32-466f-bb9e-351e72f1264b"/><investigator ref-uuid="f90b75f0-7ed2-4e52-810d-4690f8457fe4"/><investigator ref-uuid="cb2a7ce7-84bf-4907-8f68-bf2f0a83fbac"/></investigators><contacts><contact ref-uuid="a7533591-c2c8-4bce-bf1e-99405ef81edf"/></contacts><objectives><body>&lt;p&gt;Les objectifs poursuivis sont les suivants :&lt;/p&gt;
&lt;ul&gt;&lt;li&gt;
		1a, 1b) Établir une définition de la fragilité comme un syndrome clinique à partir de sept composantes (les cinq composantes physiologiques de Fried plus les aspects cognitifs et ceux de l’humeur) et vérifier la pertinence de l’addition des marqueurs psychosociaux et biologiques à ces sept composantes.&lt;/li&gt;
&lt;li&gt;
		1c) Définir les relations entre chacune des composantes à différents intervalles dans le temps et vérifier l’évolution de ces composantes pour faire ressortir les trajectoires de fragilité.&lt;/li&gt;
&lt;li&gt;
		2a) Identifier et vérifier les prédicteurs de fragilité comme le statut socio-économique, les réseaux sociaux et le soutien social.&lt;/li&gt;
&lt;li&gt;
		2b) Examiner les conséquences de la fragilité en fonction du modèle d’incapacité de Verbrugge et Jetté.&lt;/li&gt;
&lt;/ul&gt;&lt;p&gt; &lt;/p&gt;
</body><summary></summary><format>filtered_html</format></objectives><web-site></web-site><study-designs><designs><design code="cohort_study">Cohort study</design><other_design format="filtered_html"></other_design></designs><general-information-follow-up format="filtered_html"></general-information-follow-up><recruitment-target><target code="individuals">Individuals</target><other_target></other_target></recruitment-target><supplementary-information format="filtered_html"></supplementary-information><number-participant><target-number-of-participants><number>1643</number><no-limits>false</no-limits></target-number-of-participants><target-number-of-participants-with-biosamples><number></number><no-limits>false</no-limits></target-number-of-participants-with-biosamples><supplementary-information format="filtered_html"></supplementary-information></number-participant><timeline><start-year>2009</start-year><end-year>2012</end-year></timeline></study-designs><access><data>true</data><biosamples></biosamples><other_access>false</other_access><other-info format="filtered_html"></other-info></access><maker-paper>Howard Bergman et al. Développement d'un cadre de travail pour comprendre et étudier la fragilité », Gérontologie et société 2/2004 (n° 109), p. 15-29.</maker-paper><pubmed-id></pubmed-id><supplementary-information format="filtered_html"></supplementary-information><populations><population ref-uuid="a85754fe-bfb4-4a97-8e67-945330e2dfe2"/></populations><files><documents/><logo ref-uuid=""><filename></filename><description></description><filemime></filemime><filesize></filesize></logo></files></study>
