<?xml version="1.0" encoding="utf-8"?>
<study uuid="3e114f3b-fd73-4f78-9a72-df85052febc8" mica_origin_url="http://dev-phqe.local"><title>Canadian Longitudinal Study on Aging</title><acronym>CLSA</acronym><investigators><investigator ref-uuid="ffb37aec-b4d4-4907-b19f-c87fe573d01a"/><investigator ref-uuid="197fc5fb-9c64-47d7-b727-2345cad9f2e3"/><investigator ref-uuid="6b2373eb-57d9-4b8a-af44-fae42ad076cd"/></investigators><contacts><contact ref-uuid="9b4aee53-fcf9-4b82-b09a-552a133d009e"/><contact ref-uuid="5a146cd0-1091-402a-84e9-c92266172146"/></contacts><objectives><body>&lt;p&gt;The Canadian Longitudinal Study on Aging (CLSA) is a large, national, long-term study that will follow approximately 50,000 men and women between the ages of 45 and 85 for at least 20 years. The study will collect information on the changing biological, medical, psychological, social, lifestyle and economic aspects of people’s lives. These factors will be studied in order to understand how, individually and in combination, they have an impact in both maintaining health and in the development of disease and disability as people age.&lt;/p&gt;
</body><summary></summary><format>filtered_html</format></objectives><web-site></web-site><study-designs><designs><design code="cohort_study">Cohort study</design><other_design format="filtered_html"></other_design></designs><general-information-follow-up format="filtered_html"></general-information-follow-up><recruitment-target><target code="individuals">Individuals</target><other_target></other_target></recruitment-target><supplementary-information format="filtered_html"></supplementary-information><number-participant><target-number-of-participants><number>50000</number><no-limits>false</no-limits></target-number-of-participants><target-number-of-participants-with-biosamples><number>30000</number><no-limits>false</no-limits></target-number-of-participants-with-biosamples><supplementary-information format="filtered_html"></supplementary-information></number-participant><timeline><start-year>2004</start-year><end-year></end-year></timeline></study-designs><access><data></data><biosamples></biosamples><other_access>false</other_access><other-info format="filtered_html"></other-info></access><maker-paper>Raina PS, Wolfson C, Kirkland SA, Griffith LE, Oremus M, Patterson C, Tuokko H, Penning M, Balion CM, Hogan D, Wister A, Payette H, Shannon H, and Brazil K, The Canadian longitudinal study on aging (CLSA). Can J Aging, 2009. 28(3): p. 221-9.</maker-paper><pubmed-id></pubmed-id><supplementary-information format="filtered_html"></supplementary-information><populations><population ref-uuid="eea8776c-5e0e-4ead-a0c1-464c972b3ab1"/></populations><files><documents/><logo ref-uuid="47ace20e-509e-4224-bcf5-99f51bc2a4b1"><filename>CLSA_Logo_NoWordmark_2colour_RGB.jpg</filename><description></description><filemime>image/jpeg</filemime><filesize>85615</filesize></logo></files></study>
