<?xml version="1.0" encoding="utf-8"?>
<population uuid="3c16ebe5-6bf0-49cd-abd2-5c34e841bbd1" mica_origin_url="http://dev-phqe.local"><title>Atlantic PATH Population</title><study ref-uuid="8d10f75b-75ca-4b72-b20c-d3a06dd2b91f"/><general-information><body>&lt;p&gt;The Atlantic PATH cohort consists of men and women aged between 35 and 69 years residing in Atlantic Canada.&lt;/p&gt;
</body><summary></summary><format>filtered_html</format></general-information><data-collection-events><data-collection-event ref-uuid="4bdf56bc-6d6a-4094-83be-d5b553727e3f"/><data-collection-event ref-uuid="d5b86568-2d0c-4336-b9b6-767b0dc9e173"/></data-collection-events><recruitment-procedure><sources-of-recruit><source code="general">General population</source></sources-of-recruit><general-populations/><participants-from-existing-studies/><specific-populations><other format=""></other></specific-populations><other-recruitment-source format=""></other-recruitment-source><supplementary-information format=""></supplementary-information></recruitment-procedure><characteristics-of-the-population><gender></gender><age><max-age>69</max-age><min-age>69</min-age></age><countries-of-residence><country code="CA">Canada</country></countries-of-residence><territory-city-of-residence format=""></territory-city-of-residence><selections-criteria/><ethnic-origins/><healths-status/><other-selection-criteria format=""></other-selection-criteria><supplementary-information format=""></supplementary-information></characteristics-of-the-population><number-participant><target-number-of-participants><number></number><no-limit>false</no-limit></target-number-of-participants><target-number-of-participants-with-biosamples><number></number><no-limit>false</no-limit></target-number-of-participants-with-biosamples><supplementary-information format=""></supplementary-information></number-participant><supplementary-information format=""></supplementary-information></population>
