<?xml version="1.0" encoding="utf-8"?>
<contact uuid="745b59f1-3282-42f7-a28f-850d3f5af0be" mica_origin_url="http://demo-phqe.maelstrom-research.org"><name><title>Dr.</title><given>Hélène</given><family>Payette</family></name><data-access-committee-member></data-access-committee-member><title>Dr. Hélène Payette (Research Center on Aging, Health and Social Services Centre — University Institute of Geriatrics of Sherbrooke (CSSS-IUGS))</title><email>helene.payette@usherbrooke.ca</email><phone>1-819-780-2220 ext.45636</phone><institution><name>Research Center on Aging, Health and Social Services Centre — University Institute of Geriatrics of Sherbrooke (CSSS-IUGS)</name><department-unit></department-unit><address>1036 Belvédère Street</address><city>Sherbrooke</city><state-province>J1H 4C4</state-province><postal-code>Québec</postal-code><country code="CA">Canada</country></institution><time-stamp><date-created>1385416994</date-created><date-changed>1385480515</date-changed></time-stamp></contact>
