<?xml version="1.0" encoding="utf-8"?>
<contact uuid="b04da755-4d74-4781-b475-793dbe666c36" mica_origin_url="http://demo-phqe.maelstrom-research.org"><name><title>Dr.</title><given>Johanne</given><family>Desrosiers</family></name><data-access-committee-member></data-access-committee-member><title>Dr. Johanne Desrosiers (Université de Sherbrooke)</title><email></email><phone></phone><institution><name>Université de Sherbrooke</name><department-unit></department-unit><address></address><city></city><state-province></state-province><postal-code></postal-code><country code=""></country></institution><time-stamp><date-created>1385416999</date-created><date-changed>1385417222</date-changed></time-stamp></contact>
