<?xml version="1.0" encoding="utf-8"?>
<contact uuid="a487786e-ef08-4231-a3b4-fa1122df9fe3" mica_origin_url="http://demo-phqe.maelstrom-research.org"><name><title>Dr.</title><given>Marie-Jeanne</given><family>Kergoat</family></name><data-access-committee-member></data-access-committee-member><title>Dr. Marie-Jeanne Kergoat (Institut universitaire de gériatrie de Montréal)</title><email></email><phone></phone><institution><name>Institut universitaire de gériatrie de Montréal</name><department-unit></department-unit><address></address><city></city><state-province></state-province><postal-code></postal-code><country code=""></country></institution><time-stamp><date-created>1385416997</date-created><date-changed>1385417222</date-changed></time-stamp></contact>
