<?xml version="1.0" encoding="utf-8"?>
<contact uuid="6f011151-4e95-40e8-87ed-7a5ebe1e76fe" mica_origin_url="http://demo-phqe.maelstrom-research.org"><name><title></title><given>Claude</given><family>Galand</family></name><data-access-committee-member></data-access-committee-member><title>Claude Galand (Jewish General Hospital)</title><email>claude.galand@mail.mcgill.ca</email><phone>1-514-340-8222 ext. 2181</phone><institution><name>Jewish General Hospital</name><department-unit>Lady Davis Institute for Medical Research</department-unit><address>3755, Côte Ste-Catherine</address><city>Montreal</city><state-province>H3T 1E2</state-province><postal-code>Québec</postal-code><country code="CA">Canada</country></institution><time-stamp><date-created>1385416994</date-created><date-changed>1385417225</date-changed></time-stamp></contact>
