<?xml version="1.0" encoding="utf-8"?>
<contact uuid="a9ce4372-4a44-4668-a1cd-fa7dc9532de2" mica_origin_url="http://dev.maelstrom-research.org"><name><title>Dr.</title><given>Pierrette</given><family>Gaudreau</family></name><data-access-committee-member></data-access-committee-member><title>Dr. Pierrette Gaudreau (University of Montreal Hospital Research Centre)</title><email>pierrette.gaudreau@umontreal.ca</email><phone>1-514-890-8000 ext.23613</phone><institution><name>University of Montreal Hospital Research Centre</name><department-unit></department-unit><address>900 St-Denis, Tour Viger, Bureau R05.436B-02</address><city>Montreal</city><state-province>H2X 0A9</state-province><postal-code>Quebec</postal-code><country code="CA">Canada</country></institution><time-stamp><date-created>1385416997</date-created><date-changed>1385480517</date-changed></time-stamp></contact>
