<?xml version="1.0" encoding="utf-8"?>
<contact uuid="cb24763c-9b38-4413-bde7-cd95b1daa252" mica_origin_url="http://demo-phqe.maelstrom-research.org"><name><title>Dr.</title><given>Tamàs</given><family>Fülöp</family></name><data-access-committee-member></data-access-committee-member><title>Dr. Tamàs Fülöp (Université de Sherbrooke)</title><email></email><phone></phone><institution><name>Université de Sherbrooke</name><department-unit></department-unit><address></address><city></city><state-province></state-province><postal-code></postal-code><country code=""></country></institution><time-stamp><date-created>1385417001</date-created><date-changed>1385417222</date-changed></time-stamp></contact>
