<?xml version="1.0" encoding="utf-8"?>
<contact uuid="65b7a285-98ed-4cc2-b243-51f6e7b470a2" mica_origin_url="http://demo-phqe.maelstrom-research.org"><name><title>Dr.</title><given>Christina</given><family>Wolfson</family></name><data-access-committee-member></data-access-committee-member><title>Dr. Christina Wolfson (McGill University)</title><email>christina.wolfson@mcgill.ca</email><phone>1-514-934-1934 ext. 44739</phone><institution><name>McGill University</name><department-unit>Division of Epidemiology and Biostatistics and Occupational Health</department-unit><address></address><city>Montreal</city><state-province></state-province><postal-code>Quebec</postal-code><country code="CA">Canada</country></institution><time-stamp><date-created>1385416993</date-created><date-changed>1385417225</date-changed></time-stamp></contact>
