<?xml version="1.0" encoding="utf-8"?>
<contact uuid="6868d723-4f0d-4fd8-ac8f-af872e0a143d" mica_origin_url="http://demo-phqe.maelstrom-research.org"><name><title>Dr.</title><given>René</given><family>Verreault</family></name><data-access-committee-member></data-access-committee-member><title>Dr. René Verreault (Hôpital du Saint-Sacrement)</title><email></email><phone></phone><institution><name>Hôpital du Saint-Sacrement</name><department-unit></department-unit><address></address><city></city><state-province></state-province><postal-code></postal-code><country code=""></country></institution><time-stamp><date-created>1385416993</date-created><date-changed>1385417225</date-changed></time-stamp></contact>
