<?xml version="1.0" encoding="utf-8"?>
<contact uuid="af3a0810-1293-4e7e-b4bd-f9081826ffdf" mica_origin_url="http://demo-phqe.maelstrom-research.org"><name><title>Dr.</title><given>Bryna</given><family>Shatenstein</family></name><data-access-committee-member></data-access-committee-member><title>Dr. Bryna Shatenstein (Institut universitaire de gériatrie de Montréal Research Centre)</title><email></email><phone></phone><institution><name>Institut universitaire de gériatrie de Montréal Research Centre</name><department-unit></department-unit><address></address><city></city><state-province></state-province><postal-code></postal-code><country code=""></country></institution><time-stamp><date-created>1385416999</date-created><date-changed>1385480517</date-changed></time-stamp></contact>
