<?xml version="1.0" encoding="utf-8"?>
<contact uuid="94f16613-dd0c-44dc-8711-6bf2b5b5eab8" mica_origin_url="http://dev.maelstrom-research.org"><name><title>Dr.</title><given>Maria-Victoria</given><family>Zunzunegui</family></name><data-access-committee-member></data-access-committee-member><title>Dr. Maria-Victoria Zunzunegui (Université de Montréal Public Health Research Institute (IRSPUM))</title><email>maria.victoria.zunzunegui@umontreal.ca</email><phone>(514) 343-6086</phone><institution><name>Université de Montréal Public Health Research Institute (IRSPUM)</name><department-unit></department-unit><address>7101 Parc Ave.</address><city>Montreal</city><state-province>H3N 1X7</state-province><postal-code>Quebec</postal-code><country code="CA">Canada</country></institution><time-stamp><date-created>1385416997</date-created><date-changed>1385479673</date-changed></time-stamp></contact>
