<?xml version="1.0" encoding="utf-8"?>
<contact uuid="92e01fa9-6a2a-402d-9b2a-bcff821238de" mica_origin_url="http://demo-phqe.maelstrom-research.org"><name><title>Dr.</title><given>Réjean</given><family>Hébert</family></name><data-access-committee-member></data-access-committee-member><title>Dr. Réjean Hébert (Institut universitaire de gériatrie de Sherbrooke)</title><email></email><phone></phone><institution><name>Institut universitaire de gériatrie de Sherbrooke</name><department-unit></department-unit><address></address><city></city><state-province></state-province><postal-code></postal-code><country code=""></country></institution><time-stamp><date-created>1385416997</date-created><date-changed>1385417222</date-changed></time-stamp></contact>
