<?xml version="1.0" encoding="utf-8"?>
<contact uuid="509df53c-b8c4-4c60-94a8-6eb9aceb24f8" mica_origin_url="http://demo-phqe.maelstrom-research.org"><name><title>Dr.</title><given>Louise</given><family>Demers</family></name><data-access-committee-member></data-access-committee-member><title>Dr. Louise Demers (Institut universitaire de gériatrie de Montréal)</title><email></email><phone></phone><institution><name>Institut universitaire de gériatrie de Montréal</name><department-unit></department-unit><address></address><city></city><state-province></state-province><postal-code></postal-code><country code=""></country></institution><time-stamp><date-created>1385416993</date-created><date-changed>1385417225</date-changed></time-stamp></contact>
