<?xml version="1.0" encoding="utf-8"?>
<contact uuid="77d76773-ffff-4bc4-9b49-8ecb6bee2816" mica_origin_url="http://demo-phqe.maelstrom-research.org"><name><title>Dr.</title><given>Howard</given><family>Bergman</family></name><data-access-committee-member></data-access-committee-member><title>Dr. Howard Bergman (Université McGil)</title><email></email><phone></phone><institution><name>Université McGil</name><department-unit>Département de médecine de famille</department-unit><address></address><city></city><state-province></state-province><postal-code></postal-code><country code=""></country></institution><time-stamp><date-created>1385416994</date-created><date-changed>1385417225</date-changed></time-stamp></contact>
