<?xml version="1.0" encoding="utf-8"?>
<contact uuid="87a2445d-e7a2-4b51-abdb-6c9ceca2cb28" mica_origin_url="http://demo-phqe.maelstrom-research.org"><name><title>Dr.</title><given>José</given><family>A. Morais</family></name><data-access-committee-member></data-access-committee-member><title>Dr. José A. Morais (McGill University Health Centre)</title><email></email><phone></phone><institution><name>McGill University Health Centre</name><department-unit></department-unit><address></address><city></city><state-province></state-province><postal-code></postal-code><country code=""></country></institution><time-stamp><date-created>1385416994</date-created><date-changed>1385480517</date-changed></time-stamp></contact>
