<?xml version="1.0" encoding="utf-8"?>
<contact uuid="b29a7621-20d7-4f59-8ded-483c8b208750" mica_origin_url="http://demo-phqe.maelstrom-research.org"><name><title>Dr.</title><given>François</given><family>Béland</family></name><data-access-committee-member></data-access-committee-member><title>Dr. François Béland (Université de Montréal)</title><email>francois.beland@umontreal.ca</email><phone></phone><institution><name>Université de Montréal</name><department-unit></department-unit><address>CP 6128, Succ. Centre-ville</address><city>Montréal</city><state-province>H3C 3J7</state-province><postal-code>Québec</postal-code><country code=""></country></institution><time-stamp><date-created>1385416999</date-created><date-changed>1385417222</date-changed></time-stamp></contact>
