<?xml version="1.0" encoding="utf-8"?>
<data-collection-event uuid="cb8f973b-e904-4209-a164-2fedd032a94f" mica_origin_url="http://demo-phqe.maelstrom-research.org"><title>T2</title><start-year>2012</start-year><start-month>2</start-month><end-year>2012</end-year><end-month>8</end-month><description><body>&lt;p&gt;Face-to-face interviews carried out by health professionals in participant’s dwelling.&lt;/p&gt;
</body><summary>&lt;p&gt;Face-to-face interviews carried out by health professionals in participant’s dwelling.&lt;/p&gt;
</summary><format>filtered_html</format></description><populations><population ref-uuid="10edd141-8c66-4476-ab3f-10f03c4ce8a2"/></populations><sources-of-data><source code="questionnaires">Questionnaires</source><source code="physical_measures">Physical measures</source><source code="administratives_databases">Administrative Databases</source><other-data-source></other-data-source></sources-of-data><administrative-database><source code="health_databases">Health databases</source></administrative-database><biological-samples><other-biological-samples format=""></other-biological-samples><tissues-type></tissues-type></biological-samples><files><documents/><standard-operating-procedures/><data-dictionaries/><other_docs/></files></data-collection-event>
