<?xml version="1.0" encoding="utf-8"?>
<population uuid="10edd141-8c66-4476-ab3f-10f03c4ce8a2" mica_origin_url="http://demo-phqe.maelstrom-research.org"><title>Older adults</title><study ref-uuid="7c02fd8d-00c9-452d-acac-bac346353c55"/><general-information><body>&lt;p&gt;Older adults aged 65 years and older&lt;/p&gt;
</body><summary>&lt;p&gt;Older adults aged 65 years and older&lt;/p&gt;
</summary><format>filtered_html</format></general-information><data-collection-events><data-collection-event ref-uuid="3f71f1e1-65cb-44fa-a37c-55a0d33d81e5"/><data-collection-event ref-uuid="1b2ce8ef-e961-42bf-8996-4a905b0249a4"/><data-collection-event ref-uuid="cb8f973b-e904-4209-a164-2fedd032a94f"/></data-collection-events><recruitment-procedure><sources-of-recruit><source code="general">General population</source></sources-of-recruit><general-populations><population code="selected_samples">Selected sample (e.g.: from governmental databases)</population></general-populations><participants-from-existing-studies/><specific-populations><other format=""></other></specific-populations><other-recruitment-source format=""></other-recruitment-source><supplementary-information format=""></supplementary-information></recruitment-procedure><characteristics-of-the-population><gender></gender><age><max-age></max-age><min-age>65</min-age></age><countries-of-residence><country code="CA">Canada</country></countries-of-residence><territory-city-of-residence format="filtered_html">&lt;p&gt;Montréal, Sherbrooke, Victioriaville&lt;/p&gt;
</territory-city-of-residence><selections-criteria/><ethnic-origins/><healths-status/><other-selection-criteria format="filtered_html">&lt;p&gt;Living at home or apartment&lt;/p&gt;
</other-selection-criteria><supplementary-information format=""></supplementary-information></characteristics-of-the-population><number-participant><target-number-of-participants><number>1643</number><no-limit>false</no-limit></target-number-of-participants><target-number-of-participants-with-biosamples><number></number><no-limit>false</no-limit></target-number-of-participants-with-biosamples><supplementary-information format=""></supplementary-information></number-participant><supplementary-information format=""></supplementary-information></population>
