<?xml version="1.0" encoding="utf-8"?>
<study uuid="7c02fd8d-00c9-452d-acac-bac346353c55" mica_origin_url="http://demo-phqe.maelstrom-research.org"><title>Frailty: A longitudinal study of its expressions</title><acronym>FRéLE</acronym><investigators><investigator ref-uuid="b29a7621-20d7-4f59-8ded-483c8b208750"/><investigator ref-uuid="745b59f1-3282-42f7-a28f-850d3f5af0be"/><investigator ref-uuid="77d76773-ffff-4bc4-9b49-8ecb6bee2816"/><investigator ref-uuid="65b7a285-98ed-4cc2-b243-51f6e7b470a2"/><investigator ref-uuid="87a2445d-e7a2-4b51-abdb-6c9ceca2cb28"/><investigator ref-uuid="a9ce4372-4a44-4668-a1cd-fa7dc9532de2"/><investigator ref-uuid="cb24763c-9b38-4413-bde7-cd95b1daa252"/><investigator ref-uuid="92e01fa9-6a2a-402d-9b2a-bcff821238de"/><investigator ref-uuid="6868d723-4f0d-4fd8-ac8f-af872e0a143d"/><investigator ref-uuid="b04da755-4d74-4781-b475-793dbe666c36"/><investigator ref-uuid="509df53c-b8c4-4c60-94a8-6eb9aceb24f8"/><investigator ref-uuid="a487786e-ef08-4231-a3b4-fa1122df9fe3"/><investigator ref-uuid="94f16613-dd0c-44dc-8711-6bf2b5b5eab8"/><investigator ref-uuid="af3a0810-1293-4e7e-b4bd-f9081826ffdf"/></investigators><contacts><contact ref-uuid="6f011151-4e95-40e8-87ed-7a5ebe1e76fe"/></contacts><objectives><body>&lt;p&gt;The first objective of this research project will be to investigate the extent to which psychosocial and biological markers of frailty can be added to the five components of the Fried’s model of the frailty syndrome. The second objective of the project is to identify homogeneous subgroups of elderly persons, or profiles of frailty, that demonstrate a specific pattern of associations among a subset of the components of frailty and/or potential biological and psychosocial markers.&lt;/p&gt;
&lt;p&gt;Objective 1a - The starting point for the first objective is a definition of frailty as a clinical syndrome based on the presence of the five Fried’s physiological components: unintentional weight loss, low muscle strength, poor physical performance, low physical activity, and feeling of exhaustion. The extent to which these five measures can be considered as components of a frailty syndrome will be examined.&lt;/p&gt;
&lt;p&gt;Objective 1b – Components such as cognition and mood, and candidate psychosocial components will be added to the five Fried’s components and their inclusion in the frailty syndrome examined.&lt;/p&gt;
&lt;p&gt;Objective 1c - Relationships between components of frailty can vary at different points in time. Trajectories of frailty will be identified using the biological, functional and psychosocial markers of profiles of frailty selected in the Objective 1a and 1b studies.&lt;/p&gt;
&lt;p&gt;Objective 2a - In the study of predictors of frailty, the primary dependent variables are frailty trajectories. The primary predictors of frailty trajectories considered in this study are socio-economic status (SES), structural aspects of social network and positive and negative social support, self-efficacy and gender. Smoking, sleep patterns, lifelong physical exercise, and risk of energy and nutritional deficiencies will also be assessed.&lt;/p&gt;
&lt;p&gt;Objective 2b - The consequences of frailty in terms of the Verbrugge &amp;amp; Jette model of disabilities will be examined. As in the Lebel et al. modeling of the frailty process, frailty will be considered as a modifier of pathways from pathology through functional limitations, disabilities and finally to death. These consequences are those usually considered in the examination of the validity of the components of frailty syndrome.&lt;/p&gt;
</body><summary></summary><format>full_html</format></objectives><web-site>www.frailty-research.ca/e/CIHR_RP2.htm</web-site><study-designs><designs><design code="cohort_study">Cohort study</design><other_design format="filtered_html"></other_design></designs><general-information-follow-up format="filtered_html">&lt;p&gt;Three year longitudinal study (T0, T1, and T2), with face-to face measurement at a 1-year interval, and six-month phone interview (T0.5, T1.5)&lt;/p&gt;
</general-information-follow-up><recruitment-target><target code="individuals">Individuals</target><other_target></other_target></recruitment-target><supplementary-information format="filtered_html"></supplementary-information><number-participant><target-number-of-participants><number>1643</number><no-limits>false</no-limits></target-number-of-participants><target-number-of-participants-with-biosamples><number></number><no-limits>false</no-limits></target-number-of-participants-with-biosamples><supplementary-information format="filtered_html"></supplementary-information></number-participant><timeline><start-year>2010</start-year><end-year>2013</end-year></timeline></study-designs><access><data>false</data><biosamples></biosamples><other_access>false</other_access><other-info format="filtered_html"></other-info></access><maker-paper>Galand, C., Béland, F., &amp; Fletcher, J. (2012). FRÉLE: Fragilité, une étude longitudinale de ses expressions. Rapport descriptif sur les données obtenues durant les entrevues face-à-face au temps « TO ». Publications Solidage.</maker-paper><pubmed-id></pubmed-id><supplementary-information format="filtered_html">&lt;p&gt;Béland F, Michel H, La fragilité des personnes âgées : définitions, controverses et perspectives d’action, Rennes, Presses de l’EHESP, 2013.&lt;/p&gt;
&lt;p&gt;Béland F, Michel H, Explorer la fragilité : d’un syndrome gériatrique à une notion polymorphe? Pp 7-30 in Béland F, Michel H, La fragilité des personnes âgées : définitions, controverses et perspectives d’action, Rennes, Presses de l’EHESP, 2013.&lt;/p&gt;
&lt;p&gt;Galand C Béland F, Fletcher J, FRéLE : une étude québécois sur la fragilité, pp177-204, in Béland F, Michel H, La fragilité des personnes âgées : définitions, controverses et perspectives d’action, Rennes, Presses de l’EHESP, 2013.&lt;/p&gt;
</supplementary-information><populations><population ref-uuid="10edd141-8c66-4476-ab3f-10f03c4ce8a2"/></populations><files><documents/><logo ref-uuid=""><filename></filename><description></description><filemime></filemime><filesize></filesize></logo></files></study>
