<?xml version="1.0" encoding="utf-8"?>
<contact uuid="9b4aee53-fcf9-4b82-b09a-552a133d009e" mica_origin_url=""><name/><data-access-committee-member></data-access-committee-member><title>Roxanne Cheeseman (McMaster University)</title><email></email><phone></phone><institution><name>McMaster University</name><department-unit></department-unit><address></address><city>Hamilton</city><state-province></state-province><postal-code></postal-code><country code=""></country></institution><time-stamp><date-created>1342546707</date-created><date-changed>1354803516</date-changed></time-stamp></contact>
