<?xml version="1.0" encoding="utf-8"?>
<contact uuid="6b2373eb-57d9-4b8a-af44-fae42ad076cd" mica_origin_url=""><name/><data-access-committee-member></data-access-committee-member><title>Dr. Susan Kirkland (Dalhousie University)</title><email></email><phone></phone><institution><name>Dalhousie University</name><department-unit></department-unit><address></address><city>Halifax</city><state-province></state-province><postal-code></postal-code><country code=""></country></institution><time-stamp><date-created>1342546653</date-created><date-changed>1354803451</date-changed></time-stamp></contact>
