<?xml version="1.0" encoding="utf-8"?>
<contact uuid="5a146cd0-1091-402a-84e9-c92266172146" mica_origin_url=""><name/><data-access-committee-member></data-access-committee-member><title>Canadian Longitudinal Study on Aging (National Coordinating Centre)</title><email></email><phone></phone><institution><name>National Coordinating Centre</name><department-unit></department-unit><address></address><city>Hamilton</city><state-province></state-province><postal-code>L8S 4K1</postal-code><country code=""></country></institution><time-stamp><date-created>1342645352</date-created><date-changed>1354803139</date-changed></time-stamp></contact>
