<?xml version="1.0" encoding="utf-8"?>
<contact uuid="ffb37aec-b4d4-4907-b19f-c87fe573d01a" mica_origin_url=""><name/><data-access-committee-member></data-access-committee-member><title>Dr. Parminder Raina (McMaster University)</title><email></email><phone>1-905-525-9140 ext: 22197</phone><institution><name>McMaster University</name><department-unit></department-unit><address></address><city>Hamilton</city><state-province></state-province><postal-code></postal-code><country code=""></country></institution><time-stamp><date-created>1342542418</date-created><date-changed>1354803228</date-changed></time-stamp></contact>
