<?xml version="1.0" encoding="utf-8"?>
<data-collection-event uuid="13091bbd-845f-40f5-9bc8-39fa0c577035" mica_origin_url="http://dev-phqe.local"><title>Étude longitudinale canadienne sur le vieillissement -- Data Collection Event Preparation</title><start-year>2004</start-year><start-month>1</start-month><end-year>2007</end-year><end-month>12</end-month><description><body></body><summary></summary><format></format></description><populations><population ref-uuid="eea8776c-5e0e-4ead-a0c1-464c972b3ab1"/></populations><sources-of-data><source code="questionnaires">Questionnaires</source><source code="physical_measures">Physical measures</source><source code="biological_samples">Biological samples</source><other-data-source></other-data-source></sources-of-data><administrative-database/><biological-samples><other-biological-samples format=""></other-biological-samples><tissues-type></tissues-type></biological-samples><files><documents/><standard-operating-procedures/><data-dictionaries/><other_docs/></files></data-collection-event>
