<?xml version="1.0" encoding="utf-8"?>
<population uuid="eea8776c-5e0e-4ead-a0c1-464c972b3ab1" mica_origin_url="http://dev-phqe.local"><title>Étude longitudinale canadienne sur le vieillissement -- population</title><study ref-uuid="3e114f3b-fd73-4f78-9a72-df85052febc8"/><general-information><body></body><summary></summary><format></format></general-information><data-collection-events><data-collection-event ref-uuid="13091bbd-845f-40f5-9bc8-39fa0c577035"/><data-collection-event ref-uuid="9c8b3830-6236-45c5-9cc0-42ab9a580c03"/><data-collection-event ref-uuid="ed9ec040-a750-4838-9a7c-501bd1ab3a6c"/></data-collection-events><recruitment-procedure><sources-of-recruit/><general-populations/><participants-from-existing-studies/><specific-populations><other format=""></other></specific-populations><other-recruitment-source format=""></other-recruitment-source><supplementary-information format=""></supplementary-information></recruitment-procedure><characteristics-of-the-population><gender></gender><age><max-age>85</max-age><min-age>45</min-age></age><countries-of-residence><country code="CA">Canada</country></countries-of-residence><territory-city-of-residence format=""></territory-city-of-residence><selections-criteria/><ethnic-origins/><healths-status/><other-selection-criteria format=""></other-selection-criteria><supplementary-information format=""></supplementary-information></characteristics-of-the-population><number-participant><target-number-of-participants><number>50000</number><no-limit>false</no-limit></target-number-of-participants><target-number-of-participants-with-biosamples><number>30000</number><no-limit>false</no-limit></target-number-of-participants-with-biosamples><supplementary-information format=""></supplementary-information></number-participant><supplementary-information format=""></supplementary-information></population>
