<?xml version="1.0" encoding="utf-8"?>
<contact uuid="5226fb3f-107e-46e7-9eaa-646ba8f5def7" mica_origin_url="https://www.maelstrom-research.org"><name><title>Prof.</title><given>Nancy </given><family>Kreiger</family></name><data-access-committee-member></data-access-committee-member><title>Prof. Nancy Kreiger (University of Toronto)</title><email>Nancy.Kreiger@cancercare.on.ca</email><phone>(416) 978-7523</phone><institution><name>University of Toronto</name><department-unit></department-unit><address></address><city></city><state-province></state-province><postal-code></postal-code><country code=""></country></institution><time-stamp><date-created>1384958470</date-created><date-changed>1385041780</date-changed></time-stamp></contact>
