<?xml version="1.0" encoding="utf-8"?>
<contact uuid="13cf2049-ebde-4df9-884f-22b20094b7ed" mica_origin_url="https://www.maelstrom-research.org"><name><title></title><given>Claudie </given><family>Berger</family></name><data-access-committee-member></data-access-committee-member><title>Claudie Berger (McGill University)</title><email>claudie.berger@mail.mcgill.ca</email><phone></phone><institution><name>McGill University</name><department-unit></department-unit><address></address><city></city><state-province></state-province><postal-code></postal-code><country code=""></country></institution><time-stamp><date-created>1384958470</date-created><date-changed>1385042088</date-changed></time-stamp></contact>
