<?xml version="1.0" encoding="utf-8"?>
<contact uuid="4ab709c0-f2fa-4648-a89a-ab354d53bd2a" mica_origin_url="https://www.maelstrom-research.org"><name><title>Dr.</title><given>David </given><family>Goltzman</family></name><data-access-committee-member></data-access-committee-member><title>Dr. David Goltzman (McGill University)</title><email>david.goltzman@mcgill.ca</email><phone>(514) 843-1632</phone><institution><name>McGill University</name><department-unit>Department of Medicine</department-unit><address></address><city></city><state-province></state-province><postal-code></postal-code><country code=""></country></institution><time-stamp><date-created>1384958343</date-created><date-changed>1385041748</date-changed></time-stamp></contact>
