<?xml version="1.0" encoding="utf-8"?>
<data-collection-event uuid="a3d1beba-1b1e-4cd2-8450-282fe3f2f585" mica_origin_url="https://www.maelstrom-research.org"><title>Baseline</title><start-year>1995</start-year><start-month>7</start-month><end-year>1997</end-year><end-month>9</end-month><description><body>&lt;p&gt;Baseline recruitment. Full interview with bone mineral density, X-ray, ultrasound, height, weight, blood &amp;amp; urine (Quebec only).&lt;/p&gt;
</body><summary>&lt;p&gt;Baseline recruitment. Full interview with bone mineral density, X-ray, ultrasound, height, weight, blood &amp;amp; urine (Quebec only).&lt;/p&gt;
</summary><format>filtered_html</format></description><populations><population ref-uuid="c8c4da41-cf55-4a04-a2a4-85d92aaf474c"/></populations><sources-of-data><source code="questionnaires">Questionnaires</source><source code="physical_measures">Physical measures</source><source code="biological_samples">Biological samples</source><other-data-source></other-data-source></sources-of-data><administrative-database/><biological-samples><sample code="blood">Blood</sample><sample code="urine">Urine</sample><other-biological-samples format=""></other-biological-samples><tissues-type></tissues-type></biological-samples><files><documents/><standard-operating-procedures/><data-dictionaries/><other_docs/></files></data-collection-event>
