<?xml version="1.0" encoding="utf-8"?>
<data-collection-event uuid="429ec5eb-7d4e-4dd0-b227-6242c10f7377" mica_origin_url="https://www.maelstrom-research.org"><title>Year 16 Follow-up</title><start-year>2012</start-year><start-month>1</start-month><end-year>2013</end-year><end-month>12</end-month><description><body>&lt;p&gt;Full interview (in women 60-75/85) with bone mineral density, X-ray, ultrasound, height, weight, blood &amp;amp; urine (all centers), peripheral quantitative computed tomography (pQCT) (in some centers).&lt;/p&gt;
</body><summary>&lt;p&gt;Full interview (in women 60-75/85) with bone mineral density, X-ray, ultrasound, height, weight, blood &amp;amp; urine (all centers), peripheral quantitative computed tomography (pQCT) (in some centers).&lt;/p&gt;
</summary><format>filtered_html</format></description><populations><population ref-uuid="c8c4da41-cf55-4a04-a2a4-85d92aaf474c"/></populations><sources-of-data><source code="questionnaires">Questionnaires</source><source code="physical_measures">Physical measures</source><source code="biological_samples">Biological samples</source><other-data-source></other-data-source></sources-of-data><administrative-database/><biological-samples><sample code="blood">Blood</sample><sample code="urine">Urine</sample><other-biological-samples format=""></other-biological-samples><tissues-type></tissues-type></biological-samples><files><documents/><standard-operating-procedures/><data-dictionaries/><other_docs/></files></data-collection-event>
