<?xml version="1.0" encoding="utf-8"?>
<data-collection-event uuid="fa4ad10f-c493-4b00-9a83-f8423dfd08a1" mica_origin_url="https://www.maelstrom-research.org"><title>Year 2 Follow-up</title><start-year>2006</start-year><start-month>8</start-month><end-year>2008</end-year><end-month>12</end-month><description><body>&lt;p&gt;Full interview with bone mineral density, ultrasound, height, weight, blood &amp;amp; urine (6 centers), DNA (all)&lt;/p&gt;
</body><summary>&lt;p&gt;Full interview with bone mineral density, ultrasound, height, weight, blood &amp;amp; urine (6 centers), DNA (all)&lt;/p&gt;
</summary><format>filtered_html</format></description><populations><population ref-uuid="979a3040-da82-4c10-9f2d-894766f2eba2"/></populations><sources-of-data><source code="questionnaires">Questionnaires</source><source code="physical_measures">Physical measures</source><source code="biological_samples">Biological samples</source><other-data-source></other-data-source></sources-of-data><administrative-database/><biological-samples><sample code="blood">Blood</sample><sample code="urine">Urine</sample><other-biological-samples format=""></other-biological-samples><tissues-type></tissues-type></biological-samples><files><documents/><standard-operating-procedures/><data-dictionaries/><other_docs/></files></data-collection-event>
