<?xml version="1.0" encoding="utf-8"?>
<data-collection-event uuid="926f581f-d21d-4c45-a17d-1d585744548a" mica_origin_url="https://www.maelstrom-research.org"><title>Baseline</title><start-year>2004</start-year><start-month>7</start-month><end-year>2006</end-year><end-month>6</end-month><description><body>&lt;p&gt;Baseline recruitment. Full interview with bone mineral density, ultrasound, height, weight, blood &amp;amp; urine (Calgary only)&lt;/p&gt;
</body><summary>&lt;p&gt;Baseline recruitment. Full interview with bone mineral density, ultrasound, height, weight, blood &amp;amp; urine (Calgary only)&lt;/p&gt;
</summary><format>filtered_html</format></description><populations><population ref-uuid="979a3040-da82-4c10-9f2d-894766f2eba2"/></populations><sources-of-data><source code="questionnaires">Questionnaires</source><source code="physical_measures">Physical measures</source><source code="biological_samples">Biological samples</source><other-data-source></other-data-source></sources-of-data><administrative-database/><biological-samples><sample code="blood">Blood</sample><sample code="saliva">Saliva</sample><sample code="urine">Urine</sample><other-biological-samples format=""></other-biological-samples><tissues-type></tissues-type></biological-samples><files><documents/><standard-operating-procedures/><data-dictionaries/><other_docs/></files></data-collection-event>
