<?xml version="1.0" encoding="utf-8"?>
<data-collection-event uuid="15239686-ab97-4fc3-9efa-6434786f7368" mica_origin_url="https://www.maelstrom-research.org"><title>Year 3 Follow-up</title><start-year>1998</start-year><start-month>7</start-month><end-year>2001</end-year><end-month>1</end-month><description><body>&lt;p&gt;Full interview with bone mineral density, height and weight for participants aged 40-60 years old.&lt;/p&gt;
</body><summary>&lt;p&gt;Full interview with bone mineral density, height and weight for participants aged 40-60 years old.&lt;/p&gt;
</summary><format>filtered_html</format></description><populations><population ref-uuid="c8c4da41-cf55-4a04-a2a4-85d92aaf474c"/></populations><sources-of-data><source code="questionnaires">Questionnaires</source><source code="physical_measures">Physical measures</source><other-data-source></other-data-source></sources-of-data><administrative-database/><biological-samples><other-biological-samples format=""></other-biological-samples><tissues-type></tissues-type></biological-samples><files><documents/><standard-operating-procedures/><data-dictionaries/><other_docs/></files></data-collection-event>
