<?xml version="1.0" encoding="utf-8"?>
<data-collection-event uuid="dfc55a27-f053-4291-9737-59c24153d4ee" mica_origin_url="https://www.maelstrom-research.org"><title>Year 1 Follow-up</title><start-year>2005</start-year><start-month>9</start-month><end-year>2008</end-year><end-month>2</end-month><description><body>&lt;p&gt;Short follow-up on fractures and medications, blood &amp;amp; urine (Quebec only)&lt;/p&gt;
</body><summary>&lt;p&gt;Short follow-up on fractures and medications, blood &amp;amp; urine (Quebec only)&lt;/p&gt;
</summary><format>filtered_html</format></description><populations><population ref-uuid="979a3040-da82-4c10-9f2d-894766f2eba2"/></populations><sources-of-data><source code="questionnaires">Questionnaires</source><source code="biological_samples">Biological samples</source><other-data-source></other-data-source></sources-of-data><administrative-database/><biological-samples><sample code="blood">Blood</sample><sample code="urine">Urine</sample><other-biological-samples format=""></other-biological-samples><tissues-type></tissues-type></biological-samples><files><documents/><standard-operating-procedures/><data-dictionaries/><other_docs/></files></data-collection-event>
