<?xml version="1.0" encoding="utf-8"?>
<data-collection-event uuid="e776de90-b694-43c3-b22b-0bb5dbd726a0" mica_origin_url="https://www.maelstrom-research.org"><title>Annual Follow-up</title><start-year>1996</start-year><start-month>8</start-month><end-year>2015</end-year><end-month>1</end-month><description><body>&lt;p&gt;Short follow-up on fractures and medications related to osteoporosis.&lt;/p&gt;
&lt;p&gt;Timeline for the annual follow-up visit are as follow:&lt;/p&gt;
&lt;p&gt;1. Aug 1996 to Dec 1998&lt;/p&gt;
&lt;p&gt;2. July 1997 to Feb 2000&lt;/p&gt;
&lt;p&gt;3. July 1998 to Jan 2001 (for participants not selected to do a full interview)&lt;/p&gt;
&lt;p&gt;4. Jan 1999 to Dec 2001&lt;/p&gt;
&lt;p&gt;5. Dec 2001 to Jan 2004&lt;/p&gt;
&lt;p&gt;6. Aug 2002 to Dec 2004&lt;/p&gt;
&lt;p&gt;7. Nov 2003 to Feb 2006&lt;/p&gt;
&lt;p&gt;8. Oct 2004 to Jan 2007&lt;/p&gt;
&lt;p&gt;9. Sept 2006 to Jan 2009&lt;/p&gt;
&lt;p&gt;10. July 2007 to Jan 2010&lt;/p&gt;
&lt;p&gt;11. Sept 2008 to April 2011&lt;/p&gt;
&lt;p&gt;12. Aug 2009 to Nov 2011&lt;/p&gt;
&lt;p&gt;13. March 2011 to Sept 2012&lt;/p&gt;
&lt;p&gt;14. Jan 2012 - Dec 2013 (for participants not selected to do a full interview)&lt;/p&gt;
&lt;p&gt;15. Jan 2013 - ongoing&lt;/p&gt;
&lt;p&gt;16. Jan 2014 planned&lt;/p&gt;
&lt;p&gt;17. Jan 2015 planned&lt;/p&gt;
</body><summary>&lt;p&gt;Short follow-up on fractures and medications related to osteoporosis.&lt;/p&gt;
</summary><format>filtered_html</format></description><populations><population ref-uuid="c8c4da41-cf55-4a04-a2a4-85d92aaf474c"/></populations><sources-of-data><source code="questionnaires">Questionnaires</source><other-data-source></other-data-source></sources-of-data><administrative-database/><biological-samples><other-biological-samples format=""></other-biological-samples><tissues-type></tissues-type></biological-samples><files><documents/><standard-operating-procedures/><data-dictionaries/><other_docs/></files></data-collection-event>
