<?xml version="1.0" encoding="utf-8"?>
<data-collection-event uuid="f6f30463-fc1d-4cfc-8182-8dfa4c3b09b4" mica_origin_url="https://www.maelstrom-research.org"><title>Year 5 Follow-up</title><start-year>2000</start-year><start-month>7</start-month><end-year>2003</end-year><end-month>3</end-month><description><body>&lt;p&gt;Full interview with bone mineral density, X-ray, ultrasound, height, weight, blood &amp;amp; urine (Quebec, Calgary and Hamilton)&lt;/p&gt;
</body><summary>&lt;p&gt;Full interview with bone mineral density, X-ray, ultrasound, height, weight, blood &amp;amp; urine (Quebec, Calgary and Hamilton)&lt;/p&gt;
</summary><format>filtered_html</format></description><populations><population ref-uuid="c8c4da41-cf55-4a04-a2a4-85d92aaf474c"/></populations><sources-of-data><source code="questionnaires">Questionnaires</source><source code="physical_measures">Physical measures</source><source code="biological_samples">Biological samples</source><other-data-source></other-data-source></sources-of-data><administrative-database/><biological-samples><sample code="blood">Blood</sample><sample code="urine">Urine</sample><other-biological-samples format=""></other-biological-samples><tissues-type></tissues-type></biological-samples><files><documents/><standard-operating-procedures/><data-dictionaries/><other_docs/></files></data-collection-event>
