<?xml version="1.0" encoding="utf-8"?>
<data-collection-event uuid="cced169a-e02d-42d8-b2e8-f88327a9a5ea" mica_origin_url="https://www.maelstrom-research.org"><title>Year 10 Follow-up</title><start-year>2005</start-year><start-month>9</start-month><end-year>2008</end-year><end-month>4</end-month><description><body>&lt;p&gt;Full interview with bone mineral density, X-ray, ultrasound, height, weight, blood &amp;amp; urine, DNA (all centers)&lt;/p&gt;
</body><summary>&lt;p&gt;Full interview with bone mineral density, X-ray, ultrasound, height, weight, blood &amp;amp; urine, DNA (all centers)&lt;/p&gt;
</summary><format>filtered_html</format></description><populations><population ref-uuid="c8c4da41-cf55-4a04-a2a4-85d92aaf474c"/></populations><sources-of-data><source code="questionnaires">Questionnaires</source><source code="physical_measures">Physical measures</source><source code="biological_samples">Biological samples</source><other-data-source></other-data-source></sources-of-data><administrative-database/><biological-samples><sample code="blood">Blood</sample><sample code="urine">Urine</sample><other-biological-samples format=""></other-biological-samples><tissues-type></tissues-type></biological-samples><files><documents/><standard-operating-procedures/><data-dictionaries/><other_docs/></files></data-collection-event>
