<?xml version="1.0" encoding="utf-8"?>
<population uuid="979a3040-da82-4c10-9f2d-894766f2eba2" mica_origin_url="https://www.maelstrom-research.org"><title>Youth Cohort (16-24 years old)</title><study ref-uuid="07b0aec3-07e2-42c3-b2ef-12f252ea5e2a"/><general-information><body>&lt;p&gt;The youth cohort includes young men and women aged 16-24 years living within 50 km of one of nine Canadian cities. The same recruitment method as with the adult cohort was used. However, there were no oversampling.&lt;/p&gt;
</body><summary></summary><format>filtered_html</format></general-information><data-collection-events><data-collection-event ref-uuid="926f581f-d21d-4c45-a17d-1d585744548a"/><data-collection-event ref-uuid="dfc55a27-f053-4291-9737-59c24153d4ee"/><data-collection-event ref-uuid="fa4ad10f-c493-4b00-9a83-f8423dfd08a1"/></data-collection-events><recruitment-procedure><sources-of-recruit><source code="general">General population</source><source code="other">Other Source</source></sources-of-recruit><general-populations/><participants-from-existing-studies/><specific-populations><other format=""></other></specific-populations><other-recruitment-source format="filtered_html">&lt;p&gt;Phone registry&lt;/p&gt;
</other-recruitment-source><supplementary-information format=""></supplementary-information></recruitment-procedure><characteristics-of-the-population><gender></gender><age><max-age>24</max-age><min-age>16</min-age></age><countries-of-residence><country code="CA">Canada</country></countries-of-residence><territory-city-of-residence format="filtered_html">&lt;p&gt;Living within 50 km of one of nine Canadian cities (St John’s, Halifax, Quebec City, Kingston, Toronto, Hamilton, Saskatoon, Calgary and Vancouver)&lt;/p&gt;
</territory-city-of-residence><selections-criteria/><ethnic-origins/><healths-status/><other-selection-criteria format="filtered_html">&lt;p&gt;Random selection through phone directory&lt;/p&gt;
</other-selection-criteria><supplementary-information format=""></supplementary-information></characteristics-of-the-population><number-participant><target-number-of-participants><number>1001</number><no-limit>false</no-limit></target-number-of-participants><target-number-of-participants-with-biosamples><number></number><no-limit>true</no-limit></target-number-of-participants-with-biosamples><supplementary-information format="filtered_html">&lt;p&gt;527 women and 474 men&lt;/p&gt;
</supplementary-information></number-participant><supplementary-information format=""></supplementary-information></population>
