<?xml version="1.0" encoding="utf-8"?>
<population uuid="c8c4da41-cf55-4a04-a2a4-85d92aaf474c" mica_origin_url="https://www.maelstrom-research.org"><title>Adult Cohort (25 years and older)</title><study ref-uuid="07b0aec3-07e2-42c3-b2ef-12f252ea5e2a"/><general-information><body>&lt;p&gt;The adult cohort includes non-institutionalized men and women aged 25 years or older living within 50 km of one of nine Canadian cities.&lt;/p&gt;
</body><summary></summary><format>filtered_html</format></general-information><data-collection-events><data-collection-event ref-uuid="a3d1beba-1b1e-4cd2-8450-282fe3f2f585"/><data-collection-event ref-uuid="15239686-ab97-4fc3-9efa-6434786f7368"/><data-collection-event ref-uuid="e776de90-b694-43c3-b22b-0bb5dbd726a0"/><data-collection-event ref-uuid="f6f30463-fc1d-4cfc-8182-8dfa4c3b09b4"/><data-collection-event ref-uuid="cced169a-e02d-42d8-b2e8-f88327a9a5ea"/><data-collection-event ref-uuid="429ec5eb-7d4e-4dd0-b227-6242c10f7377"/></data-collection-events><recruitment-procedure><sources-of-recruit><source code="general">General population</source><source code="other">Other Source</source></sources-of-recruit><general-populations/><participants-from-existing-studies/><specific-populations><other format=""></other></specific-populations><other-recruitment-source format="filtered_html">&lt;p&gt;Phone registry&lt;/p&gt;
</other-recruitment-source><supplementary-information format=""></supplementary-information></recruitment-procedure><characteristics-of-the-population><gender></gender><age><max-age></max-age><min-age>25</min-age></age><countries-of-residence><country code="CA">Canada</country></countries-of-residence><territory-city-of-residence format="filtered_html">&lt;p&gt;Living within 50 km of one of nine Canadian cities (St John’s, Halifax, Quebec City, Kingston, Toronto, Hamilton, Saskatoon, Calgary and Vancouver)&lt;/p&gt;
</territory-city-of-residence><selections-criteria/><ethnic-origins/><healths-status/><other-selection-criteria format="filtered_html">&lt;p&gt;Random selection of non-institutionalized adults&lt;/p&gt;
</other-selection-criteria><supplementary-information format=""></supplementary-information></characteristics-of-the-population><number-participant><target-number-of-participants><number>9423</number><no-limit>false</no-limit></target-number-of-participants><target-number-of-participants-with-biosamples><number></number><no-limit>true</no-limit></target-number-of-participants-with-biosamples><supplementary-information format="filtered_html">&lt;p&gt;6539 women and 2884 men&lt;/p&gt;
</supplementary-information></number-participant><supplementary-information format=""></supplementary-information></population>
