<?xml version="1.0" encoding="utf-8"?>
<study uuid="07b0aec3-07e2-42c3-b2ef-12f252ea5e2a" mica_origin_url="https://www.maelstrom-research.org"><title>Canadian Multicentre Osteoporosis Study (The)</title><acronym>CaMos</acronym><investigators><investigator ref-uuid="4ab709c0-f2fa-4648-a89a-ab354d53bd2a"/><investigator ref-uuid="5226fb3f-107e-46e7-9eaa-646ba8f5def7"/></investigators><contacts><contact ref-uuid="13cf2049-ebde-4df9-884f-22b20094b7ed"/></contacts><objectives><body>&lt;p&gt; &lt;/p&gt;
&lt;p&gt; &lt;/p&gt;
&lt;p&gt;The overarching objectives of CaMos are:&lt;/p&gt;
&lt;ul&gt;&lt;li&gt;
	to examine the development and demographics of osteoporosis;
	&lt;/li&gt;
&lt;li&gt;to identify risk factors for osteoporotic fractures (e.g. genetic risk factors, calcium and vitamin D intake and serum levels, proton pump inhibitors, physical activities) and their associations with BMD, fractures, and/or mortality; and&lt;/li&gt;
&lt;li&gt;to assess outcomes of osteoporosis and treatment.&lt;/li&gt;
&lt;/ul&gt;</body><summary></summary><format>filtered_html</format></objectives><web-site>www.camos.org</web-site><study-designs><designs><design code="cohort_study">Cohort study</design><other_design format="filtered_html"></other_design></designs><general-information-follow-up format="filtered_html">&lt;p&gt;Participants were followed annually by postal questionnaire to obtain medication and fracture history. Details regarding reported fractures were obtained through a telephone interview. The data collection at Year 3 (participants aged 40-60 years), Year 5 (all participants), Year 10 (all participants) and Year 16 (women aged 60-75 years) follow-ups included an extensive interviewer-administered questionnaire and a clinical assessment (bone mineral density, X-rays, ultrasounds, height and weight measurements). Participants not selected to do a full interview at Year 3 and 16 follow-ups, received a short postal follow-up questionnaire on fractures. &lt;/p&gt;
</general-information-follow-up><recruitment-target><target code="individuals">Individuals</target><other_target></other_target></recruitment-target><supplementary-information format="filtered_html">&lt;p&gt;The Canadian Multicentre Osteoporosis Study (CaMos) is an ongoing population-based longitudinal study of community-dwelling adults (ages 25 years and older) recruited from 1995 to 1997. Between 2004 and 2006, a cohort of young women and men 16-24 years old was also recruited. Both cohorts have been drawn from a random population-based sample of non-institutionalized men and women living within 50 km of one of nine Canadian cities (St John’s, Halifax, Quebec City, Kingston, Toronto, Hamilton, Saskatoon, Calgary and Vancouver), referred to as centres, encompassing roughly 40% of the Canadian population. Households were randomly selected from residential phone numbers; participants were then selected from households by an age-stratified protocol. In the adult cohort (ages 25 years and older), this protocol weighted to older adults with two thirds women.&lt;/p&gt;
</supplementary-information><number-participant><target-number-of-participants><number>10424</number><no-limits>false</no-limits></target-number-of-participants><target-number-of-participants-with-biosamples><number></number><no-limits>true</no-limits></target-number-of-participants-with-biosamples><supplementary-information format="filtered_html">&lt;p&gt;6539 women and 2884 men aged 25 years and older; 527 young women and 474 young men aged 16-24 years.&lt;/p&gt;
</supplementary-information></number-participant><timeline><start-year>1995</start-year><end-year></end-year></timeline></study-designs><access><data>false</data><biosamples>false</biosamples><other_access>true</other_access><other-info format="filtered_html">&lt;p&gt;All CaMos data are accessible to external researchers as long as they collaborate with one of the CaMos investigators.&lt;/p&gt;
</other-info></access><maker-paper>Kreiger N, Tenenhouse A, Joseph L, Mackenzie T, Poliquin S, Brown JP, Prior JC, Rittmaster RS. (1999)  The Canadian Multicentre Osteoporosis Study (CaMos): Background, rationale, methods. Can J Aging 18(3):376-87</maker-paper><pubmed-id></pubmed-id><supplementary-information format="filtered_html"></supplementary-information><populations><population ref-uuid="c8c4da41-cf55-4a04-a2a4-85d92aaf474c"/><population ref-uuid="979a3040-da82-4c10-9f2d-894766f2eba2"/></populations><files><documents/><logo ref-uuid="269afab6-93c0-4618-bbe7-c6ea42cb8bc1"><filename>camos_logo.jpg</filename><description></description><filemime>image/jpeg</filemime><filesize>97083</filesize></logo></files></study>
